step,file_name,Total Points,Wrongly Merged Points,Merge Accuracy,Wrongly Split Points,Split Accuracy
step1,Iris.csv,150,15,0.9,112,0.2533333333333333
step2,Iris.csv,150,64,0.5733333333333333,38,0.7466666666666666
step3,Iris.csv,150,64,0.5733333333333333,14,0.9066666666666666
step1,2d-4c-no9.arff.csv,876,27,0.9691780821917808,851,0.028538812785388168
step2,2d-4c-no9.arff.csv,876,130,0.8515981735159818,666,0.23972602739726023
step3,2d-4c-no9.arff.csv,876,546,0.37671232876712324,115,0.8687214611872146
step1,2d-4c-no9.arff.csv,876,13,0.9851598173515982,838,0.04337899543378998
step1,2d-4c-no9.arff.csv,876,13,0.9851598173515982,838,0.04337899543378998
step2,2d-4c-no9.arff.csv,876,19,0.978310502283105,384,0.5616438356164384
step3,2d-4c-no9.arff.csv,876,113,0.8710045662100456,12,0.9863013698630136
step1,2d-4c-no9.arff.csv,876,13,0.9851598173515982,838,0.04337899543378998
step2,2d-4c-no9.arff.csv,876,19,0.978310502283105,384,0.5616438356164384
step3,2d-4c-no9.arff.csv,876,113,0.8710045662100456,12,0.9863013698630136
step1,Iris.csv,150,15,0.9,112,0.2533333333333333
step2,Iris.csv,150,64,0.5733333333333333,38,0.7466666666666666
step3,Iris.csv,150,64,0.5733333333333333,14,0.9066666666666666
